Date,Open,High,Low,Close,Adj Close,Volume
"Jul 08, 2026",360.12,363.01,354.25,356.03,356.03,"4,214,000"
"Jul 07, 2026",377.40,377.90,363.63,366.98,366.98,"4,263,100"
"Jul 06, 2026",377.17,380.29,373.84,378.68,378.68,"4,065,400"
"Jul 02, 2026",379.79,382.97,374.37,377.52,377.05,"3,274,700"
"Jul 01, 2026",375.03,376.69,371.38,374.94,374.47,"3,951,400"
"Jun 30, 2026",374.61,376.82,368.74,373.73,373.26,"4,887,500"
"Jun 29, 2026",367.82,376.00,367.47,373.71,373.24,"6,071,500"
"Jun 26, 2026",368.40,371.44,363.82,369.00,368.54,"8,360,900"
"Jun 25, 2026",367.65,379.67,366.51,371.36,370.90,"7,591,800"
"Jun 24, 2026",356.84,369.25,355.66,365.88,365.42,"6,453,700"
"Jun 23, 2026",349.28,359.92,347.77,356.47,356.03,"4,735,200"
"Jun 22, 2026",357.64,361.28,354.54,355.12,354.68,"5,426,700"
"Jun 18, 2026",362.85,364.70,357.10,357.64,357.19,"7,763,400"
"Jun 17, 2026",352.11,362.33,350.00,357.03,356.59,"5,029,400"
"Jun 16, 2026",344.04,352.88,344.04,351.73,351.29,"5,210,300"
"Jun 15, 2026",343.45,348.90,341.96,342.26,341.83,"5,252,700"
"Jun 12, 2026",334.56,336.86,328.47,335.30,334.88,"4,377,500"
"Jun 11, 2026",320.56,332.92,319.76,332.76,332.35,"4,451,200"
"Jun 10, 2026",329.49,330.57,318.25,318.71,318.31,"3,777,800"
"Jun 09, 2026",324.65,331.31,320.02,330.44,330.03,"4,825,300"
"Jun 08, 2026",329.57,332.02,321.04,322.04,321.64,"3,152,100"
"Jun 05, 2026",326.90,332.49,322.53,328.00,327.59,"3,951,500"
"Jun 04, 2026",316.67,329.46,316.25,327.65,327.24,"4,243,400"
"Jun 03, 2026",313.44,319.55,311.00,314.64,314.25,"4,127,000"
"Jun 02, 2026",323.00,325.03,316.66,317.72,317.32,"4,827,600"
"Jun 01, 2026",321.48,326.40,314.92,324.60,324.20,"4,633,500"
"May 29, 2026",319.33,325.92,316.58,323.76,323.36,"9,345,400"
"May 28, 2026",316.77,322.32,314.29,320.82,320.42,"5,022,600"
"May 27, 2026",314.30,320.48,311.95,317.21,316.82,"4,788,100"
"May 26, 2026",306.35,314.98,306.35,314.49,314.10,"5,084,200"
"May 22, 2026",303.25,306.30,300.25,302.84,302.46,"3,502,100"
"May 21, 2026",298.50,302.88,294.75,301.76,301.38,"4,928,300"
"May 20, 2026",289.00,300.45,286.18,300.17,299.80,"6,098,400"
"May 19, 2026",284.79,287.42,282.62,285.28,284.92,"5,239,400"
"May 18, 2026",283.39,287.24,282.04,285.99,285.63,"4,696,200"
"May 15, 2026",287.49,288.31,281.31,281.53,281.18,"5,022,500"
"May 14, 2026",295.03,297.85,289.08,291.54,291.18,"4,686,200"
"May 13, 2026",295.97,298.40,291.31,294.71,294.34,"4,219,900"
"May 12, 2026",299.72,300.91,293.30,297.45,297.08,"4,393,300"
"May 11, 2026",296.03,303.07,292.85,300.77,300.40,"4,562,000"
"May 08, 2026",304.45,305.41,296.83,297.15,296.78,"3,952,200"
"May 07, 2026",308.01,310.00,301.86,302.63,302.25,"5,477,800"
"May 06, 2026",300.43,308.37,299.86,305.83,305.45,"9,168,300"
"May 05, 2026",282.48,290.66,281.61,286.68,286.32,"6,401,100"
"May 04, 2026",286.40,289.84,279.41,280.52,280.17,"6,133,100"
"May 01, 2026",289.05,291.76,286.24,286.51,286.15,"3,782,900"
"Apr 30, 2026",285.01,291.57,284.83,289.93,289.57,"7,603,400"
"Apr 29, 2026",287.21,289.94,279.59,283.57,283.22,"9,819,400"
"Apr 28, 2026",283.37,289.41,280.55,289.20,288.84,"8,417,200"
"Apr 27, 2026",282.81,284.87,280.10,284.56,284.21,"5,213,300"
"Apr 24, 2026",280.61,286.13,277.18,284.60,284.25,"9,672,300"
"Apr 23, 2026",276.49,282.94,273.36,282.34,281.99,"8,591,100"
"Apr 22, 2026",286.65,287.80,268.91,276.29,275.95,"12,777,700"
"Apr 21, 2026",293.58,304.30,284.21,286.73,286.37,"12,891,500"
"Apr 20, 2026",303.88,305.47,298.41,303.60,303.22,"5,315,200"
"Apr 17, 2026",310.13,314.00,303.85,304.13,303.75,"7,733,100"
"Apr 16, 2026",313.57,313.95,297.86,298.29,297.92,"7,373,300"
"Apr 15, 2026",316.44,318.58,311.40,313.93,313.54,"3,993,700"
"Apr 14, 2026",315.01,319.14,313.02,318.00,317.60,"3,530,100"
"Apr 13, 2026",306.43,312.15,304.32,311.90,311.51,"3,811,500"
"Apr 10, 2026",313.08,313.47,306.42,308.35,307.97,"3,685,100"
"Apr 09, 2026",306.00,315.05,304.15,313.02,312.63,"5,470,800"
"Apr 08, 2026",309.92,313.13,305.30,308.06,307.68,"6,432,900"
"Apr 07, 2026",285.50,290.10,283.12,288.60,288.24,"5,280,500"
"Apr 06, 2026",280.55,288.79,278.57,288.69,288.33,"5,062,800"
"Apr 02, 2026",284.89,289.11,279.31,281.16,280.81,"5,322,900"
"Apr 01, 2026",290.21,295.50,289.99,292.68,292.32,"5,242,500"
"Mar 31, 2026",277.93,286.49,275.80,283.77,283.42,"7,828,800"
"Mar 30, 2026",284.07,284.71,270.79,273.25,272.91,"8,598,600"
"Mar 27, 2026",282.99,284.97,280.97,282.81,282.46,"4,161,700"
"Mar 26, 2026",291.58,294.02,282.68,285.24,284.88,"5,890,800"
"Mar 25, 2026",295.10,297.87,293.09,296.56,296.19,"4,456,600"
"Mar 24, 2026",287.71,292.52,285.30,290.63,290.27,"5,028,200"
"Mar 23, 2026",296.80,299.83,290.17,291.54,291.18,"6,473,800"
"Mar 20, 2026",290.00,293.43,282.29,286.79,286.43,"10,192,400"
"Mar 19, 2026",296.10,296.24,286.13,291.61,291.25,"7,128,700"
"Mar 18, 2026",302.82,304.97,300.18,300.96,300.59,"3,942,400"
"Mar 17, 2026",305.41,306.00,299.02,302.09,301.71,"4,787,100"
"Mar 16, 2026",303.77,305.70,300.15,304.00,303.62,"6,327,200"
"Mar 13, 2026",307.37,309.51,299.05,299.69,299.32,"5,770,600"
"Mar 12, 2026",318.64,318.64,301.13,306.70,306.32,"8,007,200"
"Mar 11, 2026",324.23,326.20,321.19,325.15,324.75,"3,116,000"
"Mar 10, 2026",322.26,331.88,320.55,326.52,326.11,"4,146,700"
"Mar 09, 2026",319.89,322.00,310.12,321.93,321.53,"5,740,100"
"Mar 06, 2026",323.67,324.54,317.61,323.11,322.24,"4,677,000"
"Mar 05, 2026",336.58,341.81,320.79,326.99,326.11,"4,825,400"
"Mar 04, 2026",336.55,340.25,333.42,339.81,338.89,"3,920,400"
"Mar 03, 2026",340.68,341.13,329.08,334.14,333.24,"5,891,500"
"Mar 02, 2026",341.45,347.20,335.33,345.74,344.81,"3,981,200"
"Feb 27, 2026",340.62,343.80,337.67,342.26,341.34,"7,055,100"
"Feb 26, 2026",342.61,343.98,334.81,340.84,339.92,"4,722,400"
"Feb 25, 2026",345.61,348.48,338.66,342.89,341.96,"5,030,300"
"Feb 24, 2026",337.98,346.80,330.72,345.64,344.71,"6,171,900"
"Feb 23, 2026",342.15,343.28,337.00,338.99,338.08,"5,045,100"
"Feb 20, 2026",338.83,344.30,336.79,343.22,342.29,"5,035,400"
"Feb 19, 2026",328.04,335.88,325.57,334.74,333.84,"4,456,700"
"Feb 18, 2026",330.35,331.79,326.50,329.58,328.69,"3,988,900"
"Feb 17, 2026",315.00,330.40,314.50,327.08,326.20,"5,863,600"
"Feb 13, 2026",315.22,326.68,313.53,315.41,314.56,"4,393,400"
"Feb 12, 2026",317.78,324.88,311.66,312.89,312.05,"6,163,900"
"Feb 11, 2026",319.45,321.78,312.76,313.73,312.88,"5,241,100"
"Feb 10, 2026",316.94,320.07,315.88,316.33,315.48,"4,610,600"
"Feb 09, 2026",321.04,324.49,316.39,316.74,315.89,"4,706,400"
"Feb 06, 2026",310.69,323.18,310.22,321.00,320.13,"5,800,600"
"Feb 05, 2026",306.71,309.23,302.50,306.37,305.54,"4,461,900"
"Feb 04, 2026",310.01,311.78,302.00,308.34,307.51,"6,591,900"
"Feb 03, 2026",309.89,312.43,305.01,309.93,309.09,"4,588,100"
"Feb 02, 2026",305.60,309.66,301.02,308.71,307.88,"6,727,200"
"Jan 30, 2026",297.00,307.60,296.38,306.79,305.96,"7,427,800"
"Jan 29, 2026",293.30,299.19,290.33,298.86,298.05,"6,149,900"
"Jan 28, 2026",297.00,298.27,291.15,292.48,291.69,"7,541,300"
"Jan 27, 2026",295.51,300.63,294.60,297.47,296.67,"7,452,200"
"Jan 26, 2026",293.00,298.73,290.44,295.06,294.26,"7,844,800"
"Jan 23, 2026",297.00,299.11,290.07,293.87,293.08,"7,780,200"
"Jan 22, 2026",305.87,310.00,294.84,295.00,294.20,"13,939,000"
"Jan 21, 2026",313.06,320.33,310.66,318.50,317.64,"9,783,900"
"Jan 20, 2026",321.75,323.88,309.66,312.34,311.50,"10,372,200"
"Jan 16, 2026",321.72,325.55,318.70,325.12,324.24,"4,109,700"
"Jan 15, 2026",320.59,324.45,317.95,319.94,319.08,"4,044,900"
"Jan 14, 2026",324.82,326.30,316.36,318.88,318.02,"3,923,600"
"Jan 13, 2026",325.55,328.09,325.00,327.23,326.35,"2,783,900"
"Jan 12, 2026",320.20,324.54,319.41,324.17,323.30,"4,125,300"
"Jan 09, 2026",317.11,322.30,315.19,321.59,320.72,"3,508,000"
"Jan 08, 2026",330.15,330.15,310.27,314.44,313.59,"5,771,700"
"Jan 07, 2026",328.42,330.26,322.95,323.64,322.77,"4,656,800"
"Jan 06, 2026",325.92,332.79,321.46,327.54,326.66,"4,324,700"
"Jan 05, 2026",323.82,329.43,323.42,324.32,323.45,"5,628,200"
"Jan 02, 2026",309.75,320.98,308.66,320.75,319.88,"4,340,100"
"Dec 31, 2025",312.14,313.36,307.87,308.03,307.20,"2,555,700"
"Dec 30, 2025",311.94,312.93,310.56,311.79,310.95,"3,155,100"
"Dec 29, 2025",313.34,314.00,311.25,311.58,310.74,"2,773,200"
"Dec 26, 2025",316.60,318.06,314.54,315.14,313.93,"1,882,300"
"Dec 24, 2025",315.99,317.16,315.12,316.75,315.53,"878,500"
"Dec 23, 2025",315.00,317.75,314.16,315.53,314.32,"2,724,800"
"Dec 22, 2025",309.65,316.40,305.93,314.73,313.52,"6,959,900"
"Dec 19, 2025",304.23,308.43,303.64,307.21,306.03,"8,856,400"
"Dec 18, 2025",296.00,302.31,295.42,301.69,300.53,"4,495,100"
"Dec 17, 2025",299.12,301.23,291.62,292.18,291.06,"3,802,500"
"Dec 16, 2025",297.66,301.40,296.86,298.73,297.58,"5,271,300"
"Dec 15, 2025",300.00,308.06,299.91,300.98,299.83,"6,808,600"
"Dec 12, 2025",290.93,304.01,290.70,299.81,298.66,"9,381,900"
"Dec 11, 2025",282.08,289.36,279.64,288.42,287.31,"5,971,500"
"Dec 10, 2025",285.45,285.88,281.31,283.60,282.51,"5,807,400"
"Dec 09, 2025",287.20,290.45,284.77,285.31,284.22,"3,553,400"
"Dec 08, 2025",285.00,288.84,283.30,287.19,286.09,"4,333,200"
"Dec 05, 2025",291.67,293.28,282.15,283.94,282.85,"5,220,300"
"Dec 04, 2025",288.85,294.54,287.66,291.86,290.74,"4,195,300"
"Dec 03, 2025",288.04,289.35,284.50,288.49,287.38,"4,059,500"
"Dec 02, 2025",290.80,292.00,288.46,289.32,288.21,"4,255,800"
"Dec 01, 2025",295.75,296.40,288.03,288.45,287.34,"3,756,300"
"Nov 28, 2025",297.01,298.68,295.26,298.45,297.30,"1,376,400"
"Nov 26, 2025",295.21,298.61,293.46,296.62,295.48,"4,113,700"
"Nov 25, 2025",294.49,295.98,286.21,293.44,292.31,"4,693,100"
"Nov 24, 2025",289.48,294.82,287.37,294.05,292.92,"11,909,200"
"Nov 21, 2025",290.62,291.71,284.04,287.44,286.34,"5,604,100"
"Nov 20, 2025",305.40,307.08,290.48,290.62,289.50,"3,733,900"
"Nov 19, 2025",295.86,301.67,295.50,300.82,299.67,"2,952,600"
"Nov 18, 2025",295.83,301.08,293.75,296.01,294.87,"4,053,600"
"Nov 17, 2025",306.82,308.82,298.55,300.13,298.98,"3,076,600"
"Nov 14, 2025",300.97,306.80,296.25,304.82,303.65,"2,803,300"
"Nov 13, 2025",309.98,311.38,302.58,304.17,303.00,"4,153,300"
"Nov 12, 2025",310.78,312.45,302.00,309.02,307.83,"3,884,500"
"Nov 11, 2025",310.50,312.72,307.05,310.72,309.53,"2,682,200"
"Nov 10, 2025",309.94,313.76,308.92,311.94,310.74,"3,716,400"
"Nov 07, 2025",304.03,308.92,297.70,307.27,306.09,"4,766,500"
"Nov 06, 2025",303.73,308.03,301.44,305.27,304.10,"3,467,800"
"Nov 05, 2025",303.45,308.54,302.50,305.11,303.94,"4,711,100"
"Nov 04, 2025",305.82,309.23,303.07,304.20,303.03,"3,938,200"
"Nov 03, 2025",309.10,311.69,306.28,308.62,307.44,"3,297,600"
"Oct 31, 2025",311.74,314.92,307.18,308.95,307.76,"4,023,800"
"Oct 30, 2025",310.41,314.84,308.50,310.75,309.56,"3,782,000"
"Oct 29, 2025",310.00,315.12,309.02,314.28,313.07,"3,596,800"
"Oct 28, 2025",312.10,316.67,309.45,309.79,308.60,"3,058,100"
"Oct 27, 2025",307.49,313.33,304.50,312.84,311.64,"4,244,400"
"Oct 24, 2025",309.19,310.30,303.57,303.87,302.70,"3,586,800"
"Oct 23, 2025",299.15,307.09,298.68,306.39,305.21,"3,091,000"
"Oct 22, 2025",307.60,309.00,294.80,297.89,296.75,"5,212,200"
"Oct 21, 2025",307.30,316.53,303.03,306.63,305.45,"6,726,600"
"Oct 20, 2025",303.86,305.43,301.67,302.68,301.52,"5,058,700"
"Oct 17, 2025",298.17,302.96,297.34,300.14,298.99,"3,949,300"
"Oct 16, 2025",301.67,303.05,297.76,299.84,298.69,"2,623,100"
"Oct 15, 2025",301.54,304.95,295.72,300.12,298.97,"2,773,000"
"Oct 14, 2025",294.84,302.29,292.01,300.08,298.93,"2,516,500"
"Oct 13, 2025",296.00,297.58,293.12,297.53,296.39,"2,604,100"
"Oct 10, 2025",299.00,300.00,291.49,291.49,290.37,"3,380,000"
"Oct 09, 2025",302.71,304.00,296.10,299.35,298.20,"4,292,500"
"Oct 08, 2025",303.40,304.67,299.59,302.56,301.40,"2,658,600"
"Oct 07, 2025",298.07,302.74,297.89,301.74,300.58,"2,578,800"
"Oct 06, 2025",295.80,299.29,294.75,298.22,297.08,"2,759,800"
"Oct 03, 2025",299.46,302.75,295.46,297.00,295.86,"2,817,000"
"Oct 02, 2025",302.31,303.44,296.80,299.45,298.30,"2,508,200"
"Oct 01, 2025",296.38,302.23,295.03,300.88,299.73,"3,633,300"
"Sep 30, 2025",294.71,301.47,293.91,300.82,299.67,"4,112,400"
"Sep 29, 2025",296.36,297.93,289.66,293.63,292.50,"3,860,800"
"Sep 26, 2025",299.93,302.00,292.75,294.98,293.49,"3,817,600"
"Sep 25, 2025",298.50,300.24,294.87,297.18,295.68,"4,504,500"
"Sep 24, 2025",306.90,307.25,298.79,300.30,298.78,"5,645,500"
"Sep 23, 2025",301.65,305.77,301.15,305.63,304.09,"3,637,400"
"Sep 22, 2025",300.10,301.15,296.35,301.02,299.50,"4,192,800"
"Sep 19, 2025",297.79,303.03,295.36,301.14,299.62,"9,652,600"
"Sep 18, 2025",290.71,297.65,290.21,297.09,295.59,"3,977,500"
"Sep 17, 2025",292.09,292.71,286.50,289.50,288.04,"4,149,600"
"Sep 16, 2025",289.87,294.74,288.84,292.97,291.49,"5,538,400"
"Sep 15, 2025",281.99,287.11,281.62,286.78,285.33,"3,716,600"
"Sep 12, 2025",281.56,283.53,280.70,281.69,280.27,"3,249,700"
"Sep 11, 2025",283.73,286.91,279.59,281.56,280.14,"4,016,800"
"Sep 10, 2025",277.55,283.49,276.89,283.41,281.98,"3,206,400"
"Sep 09, 2025",275.38,277.08,273.30,276.24,274.84,"3,073,600"
"Sep 08, 2025",280.00,282.92,275.49,276.05,274.66,"5,008,600"
"Sep 05, 2025",282.27,284.41,271.86,279.23,277.82,"4,952,600"
"Sep 04, 2025",275.83,282.36,275.83,282.27,280.84,"4,591,300"
"Sep 03, 2025",275.91,277.32,273.60,275.93,274.54,"4,120,400"
"Sep 02, 2025",273.90,275.58,268.01,275.39,274.00,"4,081,200"
"Aug 29, 2025",276.00,276.28,271.64,275.20,273.81,"5,037,100"
"Aug 28, 2025",272.50,276.67,272.13,276.00,274.61,"3,388,100"
"Aug 27, 2025",273.70,274.70,272.23,273.35,271.97,"2,705,700"
"Aug 26, 2025",267.98,274.70,267.42,273.94,272.56,"4,693,500"
"Aug 25, 2025",267.00,271.92,266.56,266.61,265.26,"4,301,600"
"Aug 22, 2025",269.73,272.35,266.37,266.53,265.18,"5,229,300"
"Aug 21, 2025",267.14,271.92,266.14,268.71,267.35,"3,266,400"
"Aug 20, 2025",265.46,268.94,263.81,266.44,265.09,"3,854,700"
"Aug 19, 2025",266.31,268.96,263.80,265.93,264.59,"3,404,900"
"Aug 18, 2025",267.90,269.61,266.51,268.45,267.09,"2,697,000"
"Aug 15, 2025",268.92,269.70,265.21,267.85,266.50,"5,203,300"
"Aug 14, 2025",272.99,274.16,269.48,269.70,268.34,"4,481,700"
"Aug 13, 2025",281.00,281.50,264.08,268.86,267.50,"7,599,600"
"Aug 12, 2025",276.04,280.54,275.70,279.63,278.22,"3,630,100"
"Aug 11, 2025",275.15,276.41,272.55,275.20,273.81,"3,360,100"
"Aug 08, 2025",273.58,277.18,272.58,275.01,273.62,"4,467,300"
"Aug 07, 2025",271.95,272.87,268.73,272.02,270.65,"3,050,400"
"Aug 06, 2025",273.50,275.05,269.91,272.28,270.90,"3,576,800"
"Aug 05, 2025",276.26,277.00,268.62,272.12,270.75,"4,000,600"
"Aug 04, 2025",270.51,276.85,270.22,276.23,274.83,"3,744,000"
"Aug 01, 2025",265.53,270.55,261.71,269.38,268.02,"4,416,300"
"Jul 31, 2025",273.07,274.94,269.88,271.08,269.71,"4,524,000"
"Jul 30, 2025",270.92,273.63,269.51,273.55,272.17,"4,697,000"
"Jul 29, 2025",272.73,273.80,269.12,270.31,268.94,"4,125,300"
"Jul 28, 2025",273.36,273.44,267.44,270.61,269.24,"5,006,400"
"Jul 25, 2025",268.83,272.83,268.26,271.59,270.22,"4,598,400"
"Jul 24, 2025",263.56,269.84,263.18,268.01,266.66,"5,206,700"
"Jul 23, 2025",260.53,263.73,259.95,263.18,261.85,"4,689,800"
"Jul 22, 2025",260.73,261.50,254.66,259.00,257.69,"4,751,300"
"Jul 21, 2025",263.69,266.25,259.58,262.86,261.53,"5,208,500"
"Jul 18, 2025",265.40,269.70,262.56,263.27,261.94,"8,619,800"
"Jul 17, 2025",269.80,272.80,258.16,260.28,258.96,"16,260,200"
"Jul 16, 2025",264.00,266.86,262.03,266.18,264.84,"11,912,900"
"Jul 15, 2025",263.92,265.06,261.74,264.67,263.33,"9,392,400"
"Jul 14, 2025",256.19,262.46,256.00,262.34,261.01,"7,502,200"
"Jul 11, 2025",251.50,256.88,251.40,255.42,254.13,"7,867,200"
"Jul 10, 2025",250.61,252.68,246.75,252.57,251.29,"5,462,500"
"Jul 09, 2025",248.99,251.72,246.82,250.33,249.07,"5,589,500"
"Jul 08, 2025",248.00,249.46,243.34,247.05,245.80,"5,994,500"
"Jul 07, 2025",247.52,249.44,246.48,248.65,247.39,"5,336,400"
"Jul 03, 2025",245.55,248.70,245.00,246.88,245.27,"3,089,500"
"Jul 02, 2025",248.00,249.13,243.66,244.75,243.16,"6,228,600"
"Jul 01, 2025",255.75,255.75,247.11,249.02,247.40,"7,178,300"
"Jun 30, 2025",256.31,257.89,253.87,257.39,255.72,"8,135,800"
"Jun 27, 2025",251.85,260.55,251.78,254.51,252.85,"26,988,000"
"Jun 26, 2025",251.18,255.48,250.00,251.00,249.37,"6,790,300"
"Jun 25, 2025",250.08,250.99,248.48,249.90,248.27,"5,197,400"
"Jun 24, 2025",248.38,249.39,245.57,248.75,247.13,"5,255,700"
"Jun 23, 2025",239.24,248.46,238.62,247.81,246.20,"8,052,000"
"Jun 20, 2025",239.72,240.80,236.51,239.37,237.81,"9,142,100"
"Jun 18, 2025",235.96,239.52,232.24,235.89,234.36,"7,761,100"
"Jun 17, 2025",236.73,238.97,234.88,235.75,234.22,"5,720,500"
"Jun 16, 2025",237.60,239.94,236.07,236.54,235.00,"4,505,600"
"Jun 13, 2025",235.00,238.00,233.70,236.60,235.06,"7,420,300"
"Jun 12, 2025",240.00,243.43,238.68,239.99,238.43,"8,946,600"
"Jun 11, 2025",242.64,246.96,238.51,245.52,243.92,"6,940,800"
"Jun 10, 2025",250.78,251.25,239.75,242.00,240.43,"11,230,900"
"Jun 09, 2025",254.02,255.32,251.14,251.41,249.77,"5,771,600"
"Jun 06, 2025",253.00,257.47,252.07,255.63,253.97,"5,796,700"
"Jun 05, 2025",252.48,253.01,250.11,251.92,250.28,"4,188,200"
"Jun 04, 2025",249.98,253.06,249.72,250.88,249.25,"5,811,500"
"Jun 03, 2025",247.50,250.50,244.18,248.87,247.25,"6,456,200"
"Jun 02, 2025",245.85,248.10,244.51,247.48,245.87,"5,450,800"
"May 30, 2025",243.39,246.86,242.30,245.91,244.31,"9,143,000"
"May 29, 2025",244.53,244.94,241.49,244.16,242.57,"5,243,700"
"May 28, 2025",241.78,246.00,241.60,243.67,242.09,"9,570,500"
"May 27, 2025",235.42,242.28,235.10,241.78,240.21,"7,162,400"
"May 23, 2025",228.84,233.69,228.01,232.79,231.28,"4,234,200"
"May 22, 2025",231.19,232.45,229.42,230.27,228.77,"6,909,400"
"May 21, 2025",234.86,237.30,232.66,233.54,232.02,"4,631,000"
"May 20, 2025",234.16,236.08,233.80,235.26,233.73,"4,311,000"
"May 19, 2025",229.50,235.87,228.92,235.29,233.76,"4,734,400"
"May 16, 2025",229.07,232.32,227.59,231.78,230.27,"4,651,700"
"May 15, 2025",223.45,230.09,223.45,229.38,227.89,"7,207,700"
"May 14, 2025",222.94,223.35,220.45,223.24,221.79,"4,764,700"
"May 13, 2025",220.00,223.55,219.30,221.58,220.14,"7,188,700"
"May 12, 2025",219.34,219.98,211.15,218.95,217.53,"5,468,000"
"May 09, 2025",215.21,216.12,212.73,214.96,213.56,"3,778,200"
"May 08, 2025",211.00,216.80,210.51,214.49,213.10,"5,870,300"
"May 07, 2025",208.90,210.63,208.22,209.92,208.55,"3,968,300"
"May 06, 2025",206.02,209.83,205.92,208.60,207.24,"3,169,600"
"May 05, 2025",206.31,210.52,205.65,208.94,207.58,"4,466,500"
"May 02, 2025",206.32,208.72,205.56,207.70,206.35,"3,831,700"
"May 01, 2025",202.25,205.24,200.86,203.61,202.29,"4,687,600"
"Apr 30, 2025",198.60,202.03,196.86,201.54,200.23,"4,436,300"
"Apr 29, 2025",200.49,202.43,199.65,200.50,199.20,"3,444,200"
"Apr 28, 2025",199.50,201.48,198.60,200.86,199.55,"3,416,900"
"Apr 25, 2025",198.70,199.99,197.26,198.43,197.14,"4,390,600"
"Apr 24, 2025",194.33,197.70,194.05,197.41,196.13,"5,906,300"
"Apr 23, 2025",195.94,197.03,192.57,193.68,192.42,"7,235,700"
"Apr 22, 2025",186.50,190.00,182.10,189.18,187.95,"13,041,000"
"Apr 21, 2025",179.29,180.79,176.02,178.35,177.19,"8,501,600"
"Apr 17, 2025",183.39,184.24,181.59,181.79,180.61,"4,932,000"
"Apr 16, 2025",184.07,185.88,181.28,182.45,181.26,"5,128,000"
"Apr 15, 2025",183.88,188.44,182.29,185.67,184.46,"4,999,300"
"Apr 14, 2025",185.35,187.61,183.83,186.00,184.79,"5,319,100"
"Apr 11, 2025",179.01,184.25,175.05,181.67,180.49,"6,491,100"
"Apr 10, 2025",181.90,185.41,175.96,181.51,180.33,"8,150,900"
"Apr 09, 2025",165.81,189.11,165.70,187.27,186.05,"12,548,600"
"Apr 08, 2025",176.00,178.35,166.36,169.37,168.27,"11,903,400"
"Apr 07, 2025",163.21,175.34,159.36,167.70,166.61,"18,545,500"
"Apr 04, 2025",179.68,183.16,165.42,166.81,165.73,"18,167,100"
"Apr 03, 2025",189.84,194.15,186.72,187.63,186.41,"12,750,500"
"Apr 02, 2025",199.48,202.19,198.43,199.77,198.47,"6,026,500"
"Apr 01, 2025",199.56,204.50,198.47,203.79,202.46,"3,854,000"
"Mar 31, 2025",197.53,201.57,194.45,200.15,198.85,"6,923,100"
"Mar 28, 2025",205.60,206.86,199.59,199.88,198.58,"5,178,400"
"Mar 27, 2025",206.36,207.69,202.80,205.88,204.54,"3,301,900"
"Mar 26, 2025",212.29,214.21,206.69,207.37,206.02,"4,791,100"
"Mar 25, 2025",210.77,212.76,210.25,212.13,210.75,"4,315,200"
"Mar 24, 2025",206.92,210.88,205.60,210.23,208.86,"4,043,900"
"Mar 21, 2025",202.60,204.31,200.82,204.13,202.80,"7,976,300"
"Mar 20, 2025",205.00,206.17,203.11,203.93,202.60,"3,970,800"
"Mar 19, 2025",201.32,206.82,201.32,205.57,204.23,"3,564,000"
"Mar 18, 2025",201.80,201.98,199.52,200.79,199.48,"3,983,100"
"Mar 17, 2025",197.00,203.60,196.33,202.03,200.72,"3,733,000"
"Mar 14, 2025",195.37,197.70,193.60,197.11,195.83,"3,263,200"
"Mar 13, 2025",194.55,195.62,191.67,192.42,191.17,"3,837,200"
"Mar 12, 2025",194.92,197.25,192.43,195.00,193.73,"4,735,000"
"Mar 11, 2025",189.93,193.68,188.32,191.72,190.47,"5,356,700"
"Mar 10, 2025",189.20,192.21,187.91,192.12,190.87,"6,195,000"
"Mar 07, 2025",195.07,195.75,187.68,193.85,192.23,"7,681,300"
"Mar 06, 2025",199.00,200.22,195.28,196.05,194.41,"5,621,400"
"Mar 05, 2025",198.87,204.47,198.69,202.50,200.81,"6,221,200"
"Mar 04, 2025",198.00,203.04,193.26,198.77,197.11,"6,164,200"
"Mar 03, 2025",207.09,208.48,200.81,201.96,200.27,"5,376,400"
"Feb 28, 2025",201.95,207.32,201.03,206.98,205.25,"6,117,400"
"Feb 27, 2025",204.42,205.47,201.10,201.43,199.75,"3,480,200"
"Feb 26, 2025",201.76,204.60,199.99,201.61,199.93,"3,157,400"
"Feb 25, 2025",198.98,200.08,194.84,199.27,197.61,"4,121,400"
"Feb 24, 2025",202.63,203.25,197.43,198.71,197.05,"4,299,100"
"Feb 21, 2025",208.36,209.12,198.44,199.83,198.16,"5,419,500"
"Feb 20, 2025",209.73,210.28,207.15,208.74,207.00,"2,969,100"
"Feb 19, 2025",209.04,211.78,208.88,210.50,208.74,"2,699,100"
"Feb 18, 2025",209.87,212.19,209.32,210.08,208.33,"4,396,000"
"Feb 14, 2025",208.66,209.16,204.97,208.27,206.53,"4,268,500"
"Feb 13, 2025",211.12,211.30,206.27,208.36,206.62,"3,763,300"
"Feb 12, 2025",206.70,211.42,206.14,209.64,207.89,"4,595,200"
"Feb 11, 2025",205.00,209.15,204.44,208.82,207.08,"4,110,900"
"Feb 10, 2025",206.14,206.66,203.40,205.22,203.51,"3,787,500"
"Feb 07, 2025",206.48,207.84,204.50,205.28,203.57,"3,954,400"
"Feb 06, 2025",205.00,206.10,204.06,206.06,204.34,"3,113,200"
"Feb 05, 2025",203.88,205.28,201.79,204.58,202.87,"3,239,400"
"Feb 04, 2025",202.93,204.54,200.43,202.18,200.49,"5,413,800"
"Feb 03, 2025",200.00,204.73,198.97,204.11,202.41,"4,678,300"
"Jan 31, 2025",205.84,205.87,203.07,203.57,201.87,"5,507,800"
"Jan 30, 2025",199.81,205.93,199.48,205.57,203.85,"6,282,100"
"Jan 29, 2025",194.93,199.94,194.93,199.10,197.44,"5,595,800"
"Jan 28, 2025",195.30,196.55,191.79,194.43,192.81,"4,858,800"
"Jan 27, 2025",194.34,196.63,192.74,194.46,192.84,"7,674,800"
"Jan 24, 2025",202.50,203.00,195.52,196.75,195.11,"7,835,700"
"Jan 23, 2025",201.40,207.65,198.10,200.80,199.12,"14,403,500"
"Jan 22, 2025",188.08,189.24,186.61,188.36,186.79,"7,457,800"
"Jan 21, 2025",184.90,189.32,184.51,187.50,185.93,"7,508,400"
"Jan 17, 2025",180.78,183.19,179.96,182.85,181.32,"5,899,100"
"Jan 16, 2025",181.68,182.88,178.62,179.74,178.24,"6,144,700"
"Jan 15, 2025",179.07,180.88,178.88,180.29,178.78,"7,397,000"
"Jan 14, 2025",173.11,177.90,172.40,176.86,175.38,"6,432,700"
"Jan 13, 2025",169.51,172.52,169.00,171.57,170.14,"5,610,800"
"Jan 10, 2025",172.40,173.46,170.74,171.69,170.26,"5,131,200"
"Jan 08, 2025",172.00,173.58,170.71,172.89,171.45,"4,527,700"
"Jan 07, 2025",172.22,173.70,170.78,172.31,170.87,"6,496,400"
"Jan 06, 2025",173.15,173.68,171.18,172.45,171.01,"4,980,300"
"Jan 03, 2025",169.22,172.63,169.00,171.96,170.52,"3,975,500"
"Jan 02, 2025",167.92,170.70,167.22,168.59,167.18,"4,148,000"